left,right,mean_diff_right_minus_left,mean_abs_diff,max_abs_diff,q50_abs_diff,q90_abs_diff,q99_abs_diff,pearson_corr,spearman_corr
R0,R1,0.14856783959715833,0.24417363937267075,0.9973287868194802,0.13188145970298135,0.7141339493915438,0.9579085643216967,0.637249105089983,0.6853653234170349
R0,R2,0.1714444311031058,0.25655210996785,0.9929839062385782,0.13512668097973804,0.7492694884538651,0.9619857564289123,0.6194337260272519,0.6731494186829928
R1,R2,0.022876591505947497,0.05102970505304179,0.5838036835193633,0.019754620268941047,0.15229976177215568,0.3116321623325346,0.9773723280394375,0.9812059311883531
