score_col,top50_score_min,top50_score_max,label0_count,label1_count,dup_score_mean,dup_positive_ratio,overlap_with_ood_score_v2_top50,overlap_with_mislabel_score_v2_add_top50,overlap_with_mislabel_score_v2_mul_top50,ood_score_v2_mean,mislabel_score_v2_add_mean,mislabel_score_v2_mul_mean
ood_score_v1,0.9218155197657394,0.9972181551976574,17,33,0.07,0.1,0.48,0.0,0.0,0.6512576312576317,0.038350219276162806,0.03573951307516163
ood_score_v2,0.7122507122507135,1.0,30,20,0.02,0.02,1.0,0.0,0.0,0.895384615384616,0.003706039660379252,0.0033821758212402575
mislabel_score_v1,0.1396267380517134,0.9192474484597984,14,36,0.07125,0.08,0.02,0.96,0.96,0.03500203500203503,0.8685855735510395,0.870176773848395
mislabel_score_v2_add,0.6080258057363253,0.9999695304924301,16,34,0.0825,0.1,0.0,1.0,1.0,0.003093203093203094,0.891320878146891,0.8931215049586078
mislabel_score_v2_mul,0.5831136293899081,0.9999746084213256,16,34,0.0825,0.1,0.0,1.0,1.0,0.003093203093203094,0.8913208781468909,0.8931215049586078
