left,right,mean_diff_right_minus_left,mean_abs_diff,max_abs_diff,q50_abs_diff,q90_abs_diff,q99_abs_diff,pearson_corr,spearman_corr
R0,R1,0.04122700575508567,0.19364858416704528,0.9812957774847747,0.07780584529973565,0.6169172759167851,0.9051113525091206,0.6984145420841917,0.7044793445765033
R0,R2,0.05452035748179106,0.20503006441124627,0.9137209840118885,0.11526181362569335,0.554710047482513,0.8378875008039175,0.6747064139632218,0.7007374357241722
R1,R2,0.013293351726705394,0.17022923262381462,0.9351023025810719,0.0813689692877233,0.46722776219248785,0.7696067778766155,0.7699946627826357,0.8081467149510232
