left,right,mean_diff_right_minus_left,mean_abs_diff,max_abs_diff,q50_abs_diff,q90_abs_diff,q99_abs_diff,pearson_corr,spearman_corr
R0,R1,0.15100347111767448,0.2480431834461983,0.997123448818229,0.1264492198824883,0.7096824469888817,0.9509115451294926,0.6267409774344168,0.6734948922938312
R0,R2,0.17819169774771892,0.2592466736379947,0.9969322967224342,0.14450837043114007,0.7443442222662272,0.9590964421350509,0.62537040463468,0.6815226172827886
R1,R2,0.027188226630044436,0.043947738085477764,0.3606663346290589,0.018158014863729442,0.12535674273967748,0.25121708199381787,0.9853891654383666,0.9887783708934912
