left,right,mean_diff_right_minus_left,mean_abs_diff,max_abs_diff,q50_abs_diff,q90_abs_diff,q99_abs_diff,pearson_corr,spearman_corr
PR0,PR1,-0.21259141238701634,0.2717764977216165,0.8950020521879197,0.21255869607557543,0.6184132373775356,0.8149479385092854,0.661986227654109,0.7262925319750402
PR0,PR2,-0.24563616629114265,0.29100911313569827,0.8892941136728042,0.2232566125458107,0.6539735394064338,0.8414827180095017,0.6370947533433101,0.7131589154025154
PR1,PR2,-0.033044753904126326,0.05385539853986078,0.5661904662847519,0.0131669722031802,0.16957955211400985,0.3758720470592379,0.9638585896108133,0.9743826225017698
