left,right,mean_diff_right_minus_left,mean_abs_diff,max_abs_diff,q50_abs_diff,q90_abs_diff,q99_abs_diff,pearson_corr,spearman_corr
R0,R1,0.1427659195039204,0.24209048317338566,0.9961354422264322,0.1209540069103241,0.7121214186772704,0.9525764620024709,0.634426765766005,0.6805080885428612
R0,R2,0.16580164271389852,0.2556265703500026,0.996191172569297,0.13997827097773552,0.7349726542830467,0.9638581088092179,0.6240968357366888,0.678313611133452
R1,R2,0.02303572320997812,0.04223724854577451,0.394478589296341,0.019409213215112714,0.11747348234057425,0.2691411168873307,0.9858193560268723,0.9890978549612575
