topk,fold,count,ratio
50,0,19,0.38
50,1,9,0.18
50,2,17,0.34
50,3,0,0.0
50,4,5,0.1
100,0,30,0.3
100,1,25,0.25
100,2,30,0.3
100,3,1,0.01
100,4,14,0.14
150,0,43,0.2866666666666667
150,1,36,0.24
150,2,40,0.26666666666666666
150,3,4,0.02666666666666667
150,4,27,0.18
