,count,mean,std,min,50%,90%,95%,99%,99.5%,max
ood_score_v1,1366.0,0.49963396778916547,0.21186807166787044,0.0374816983894581,0.4802342606149341,0.8144216691068814,0.8843704245973646,0.9761420204978032,0.988103953147877,0.9972181551976574
ood_score_v2_raw,1366.0,0.5003660322108345,0.2887807793214408,0.0007320644216691069,0.5003660322108345,0.9000732064421669,0.9500366032210835,0.9900073206442166,0.9950036603221083,1.0
ood_score_v2,1366.0,0.05532583570650925,0.19313918942736283,0.0,0.0,0.002035002035001922,0.5555555555555565,0.9981481481481488,1.0,1.0
ood_score_v2_q95_q995,1366.0,0.02784615742156006,0.1399663660124569,0.0,0.0,0.0,0.0030525030525028864,0.8888888888888885,0.9976495726495727,1.0
mislabel_score_v1,1366.0,0.02065276893637717,0.08306299545707999,1.4862011785957745e-11,0.0007588085139537,0.0265541255148908,0.062352832593771404,0.49015010637388173,0.5537572678133108,0.9192474484597984
mislabel_score_v2_add,1366.0,0.05829407045755033,0.1761269043164589,0.0,0.0012482956244672658,0.11108552147666256,0.32676130938269166,0.9589144832629346,0.9941362957058161,0.9999695304924301
mislabel_score_v2_mul,1366.0,0.05157406484204357,0.17690021720143068,0.0,0.0,0.08457451065339294,0.32026808489057546,0.9522148397547152,0.995101561397314,0.9999746084213256
dup_score,1366.0,0.08354685212298682,0.2594874180911143,0.0,0.0,0.25,1.0,1.0,1.0,1.0
